1,0,178,549,357,0.png,1920,1080
0,48,683,58,207,1.png,1920,1080
1,0,12,595,388,10.png,1920,1080
1,0,3,634,337,100.png,1920,1080
1,0,0,583,324,101.png,1920,1080
1,0,2,564,344,102.png,1920,1080
1,0,2,531,340,103.png,1920,1080
1,3,3,494,366,104.png,1920,1080
0,330,848,206,228,105.png,1920,1080
0,153,821,263,259,106.png,1920,1080
0,62,803,228,277,107.png,1920,1080
1,2,36,584,344,11.png,1920,1080
0,1527,799,148,277,110.png,1920,1080
0,1437,796,168,284,111.png,1920,1080
0,1438,785,184,293,112.png,1920,1080
0,1463,781,167,299,113.png,1920,1080
0,1164,799,178,281,114.png,1920,1080
0,1025,761,171,318,115.png,1920,1080
0,921,770,189,310,116.png,1920,1080
0,784,732,199,343,117.png,1920,1080
0,717,732,182,348,118.png,1920,1080
0,578,728,228,349,119.png,1920,1080
1,0,39,645,348,12.png,1920,1080
0,564,720,150,305,120.png,1920,1080
0,524,715,140,305,121.png,1920,1080
0,447,715,167,271,122.png,1920,1080
0,408,703,173,276,123.png,1920,1080
0,801,736,154,332,124.png,1920,1080
0,871,759,179,310,125.png,1920,1080
0,991,757,159,323,126.png,1920,1080
0,1110,768,114,298,127.png,1920,1080
0,1205,776,128,304,128.png,1920,1080
0,1283,756,165,324,129.png,1920,1080
1,9,23,728,366,13.png,1920,1080
0,1265,776,223,296,130.png,1920,1080
0,1805,779,115,301,131.png,1920,1080
0,1844,831,76,248,134.png,1920,1080
0,1870,842,50,238,135.png,1920,1080
0,1677,804,159,276,136.png,1920,1080
0,1543,796,201,282,137.png,1920,1080
0,1479,790,196,290,138.png,1920,1080
0,1446,762,195,318,139.png,1920,1080
1,0,0,748,390,14.png,1920,1080
0,315,909,165,168,140.png,1920,1080
0,1583,781,165,295,140.png,1920,1080
0,210,865,178,215,141.png,1920,1080
0,1574,778,143,302,141.png,1920,1080
0,1499,782,210,298,142.png,1920,1080
0,137,826,161,254,142.png,1920,1080
0,44,804,185,273,143.png,1920,1080
0,1482,762,170,318,143.png,1920,1080
0,22,787,170,291,144.png,1920,1080
0,1487,770,193,310,144.png,1920,1080
0,1479,764,171,315,145.png,1920,1080
0,2,768,95,312,145.png,1920,1080
0,122,700,62,223,146.png,1920,1080
0,1245,775,136,305,146.png,1920,1080
0,1043,762,164,318,147.png,1920,1080
0,129,703,62,218,147.png,1920,1080
0,137,706,59,215,148.png,1920,1080
0,877,757,199,323,148.png,1920,1080
0,126,704,59,212,149.png,1920,1080
0,868,759,140,288,149.png,1920,1080
1,2,3,718,383,15.png,1920,1080
0,683,751,154,277,150.png,1920,1080
0,136,704,87,203,150.png,1920,1080
0,129,698,72,187,151.png,1920,1080
0,533,700,115,327,151.png,1920,1080
0,416,731,122,252,152.png,1920,1080
0,109,698,98,185,152.png,1920,1080
0,64,684,97,189,153.png,1920,1080
0,344,676,131,290,153.png,1920,1080
0,327,698,143,254,154.png,1920,1080
0,65,683,87,184,154.png,1920,1080
0,282,701,106,217,155.png,1920,1080
0,37,675,76,187,155.png,1920,1080
1,146,2,1032,254,156.png,1920,1080
1,142,3,969,268,157.png,1920,1080
1,161,0,943,270,158.png,1920,1080
1,143,0,972,266,159.png,1920,1080
1,5,9,814,352,16.png,1920,1080
0,73,669,76,179,160.png,1920,1080
1,153,5,980,276,160.png,1920,1080
0,69,670,83,173,161.png,1920,1080
1,153,2,1016,273,161.png,1920,1080
0,72,658,76,220,162.png,1920,1080
1,154,14,963,259,162.png,1920,1080
0,28,686,125,223,163.png,1920,1080
1,145,2,969,281,163.png,1920,1080
0,8,687,126,214,164.png,1920,1080
1,146,6,999,260,164.png,1920,1080
0,2,673,41,240,165.png,1920,1080
0,39,662,75,132,165.png,1920,1080
1,142,2,960,276,165.png,1920,1080
0,51,655,58,212,166.png,1920,1080
1,148,3,941,284,166.png,1920,1080
0,84,681,95,184,167.png,1920,1080
1,145,6,913,291,167.png,1920,1080
0,97,676,101,217,168.png,1920,1080
1,142,3,915,256,168.png,1920,1080
0,128,689,97,195,169.png,1920,1080
1,142,2,1002,263,169.png,1920,1080
1,0,0,866,358,17.png,1920,1080
0,156,695,106,214,170.png,1920,1080
1,154,8,944,262,170.png,1920,1080
0,165,686,104,218,171.png,1920,1080
0,0,776,90,302,171.png,1920,1080
1,140,2,982,302,171.png,1920,1080
0,170,697,76,215,172.png,1920,1080
0,0,775,162,304,172.png,1920,1080
0,178,700,114,195,173.png,1920,1080
0,19,795,206,285,173.png,1920,1080
0,182,698,123,196,174.png,1920,1080
0,131,824,171,256,174.png,1920,1080
1,83,3,1025,301,174.png,1920,1080
0,157,698,118,214,175.png,1920,1080
0,287,865,146,215,175.png,1920,1080
1,67,11,943,287,175.png,1920,1080
0,159,701,62,201,176.png,1920,1080
0,340,895,246,185,176.png,1920,1080
1,50,8,965,287,176.png,1920,1080
0,137,700,84,212,177.png,1920,1080
0,612,972,159,108,177.png,1920,1080
1,19,2,1010,302,177.png,1920,1080
0,143,703,72,201,178.png,1920,1080
1,8,2,1002,287,178.png,1920,1080
0,128,695,103,221,179.png,1920,1080
1,11,8,876,295,179.png,1920,1080
1,2,3,820,318,18.png,1920,1080
0,156,692,72,224,180.png,1920,1080
1,3,5,932,315,180.png,1920,1080
0,146,698,83,218,181.png,1920,1080
1,3,5,930,309,181.png,1920,1080
0,150,689,84,229,182.png,1920,1080
1,6,5,940,301,182.png,1920,1080
0,142,697,103,215,183.png,1920,1080
1,3,2,958,330,183.png,1920,1080
0,128,692,126,229,184.png,1920,1080
1,11,9,870,313,184.png,1920,1080
0,134,686,101,224,185.png,1920,1080
1,0,0,898,312,185.png,1920,1080
0,111,694,128,226,186.png,1920,1080
1,0,0,823,323,186.png,1920,1080
0,111,698,137,215,187.png,1920,1080
1,3,5,792,305,187.png,1920,1080
0,108,662,140,266,188.png,1920,1080
1,2,6,834,323,188.png,1920,1080
0,100,684,170,218,189.png,1920,1080
1,3,5,824,338,189.png,1920,1080
1,8,6,859,326,19.png,1920,1080
0,125,694,117,224,190.png,1920,1080
1,5,8,840,341,190.png,1920,1080
0,128,689,100,220,191.png,1920,1080
1,6,5,809,352,191.png,1920,1080
0,128,692,101,223,192.png,1920,1080
1,6,3,784,348,192.png,1920,1080
0,145,695,76,210,193.png,1920,1080
1,9,16,748,337,193.png,1920,1080
0,136,698,103,212,194.png,1920,1080
1,23,14,706,327,194.png,1920,1080
0,131,690,120,223,195.png,1920,1080
1,8,8,681,357,195.png,1920,1080
0,129,697,129,212,196.png,1920,1080
1,6,8,746,363,196.png,1920,1080
0,136,684,139,249,197.png,1920,1080
1,3,17,692,343,197.png,1920,1080
0,171,704,61,204,198.png,1920,1080
1,2,23,681,338,198.png,1920,1080
0,142,700,104,209,199.png,1920,1080
1,0,36,589,310,199.png,1920,1080
0,47,689,137,218,2.png,1920,1080
1,5,2,905,305,20.png,1920,1080
0,150,700,95,214,200.png,1920,1080
1,0,55,617,313,200.png,1920,1080
0,190,701,100,215,201.png,1920,1080
1,2,62,592,326,201.png,1920,1080
0,226,711,111,228,202.png,1920,1080
1,2,81,572,268,202.png,1920,1080
0,243,712,143,229,203.png,1920,1080
1,2,92,564,263,203.png,1920,1080
0,316,701,117,274,204.png,1920,1080
1,5,100,535,270,204.png,1920,1080
0,379,703,129,290,205.png,1920,1080
1,0,118,510,245,205.png,1920,1080
0,436,720,190,282,206.png,1920,1080
1,0,128,508,243,206.png,1920,1080
0,549,737,117,291,207.png,1920,1080
1,0,137,499,231,207.png,1920,1080
0,647,746,100,309,208.png,1920,1080
1,3,129,489,242,208.png,1920,1080
0,750,759,192,316,209.png,1920,1080
1,5,128,482,262,209.png,1920,1080
1,0,0,926,330,21.png,1920,1080
0,891,775,187,301,210.png,1920,1080
0,237,645,64,115,210.png,1920,1080
1,5,53,491,334,210.png,1920,1080
0,220,644,79,122,211.png,1920,1080
0,1106,806,162,270,211.png,1920,1080
1,5,108,496,291,211.png,1920,1080
0,1339,790,137,290,212.png,1920,1080
0,231,644,69,117,212.png,1920,1080
1,5,92,482,346,212.png,1920,1080
0,248,648,41,115,213.png,1920,1080
0,1566,770,164,310,213.png,1920,1080
1,0,118,494,298,213.png,1920,1080
0,226,645,69,123,214.png,1920,1080
1,0,139,489,290,214.png,1920,1080
0,246,642,44,111,215.png,1920,1080
1,2,139,499,287,215.png,1920,1080
0,240,650,42,114,216.png,1920,1080
0,349,636,55,123,216.png,1920,1080
1,0,150,491,277,216.png,1920,1080
0,209,639,70,122,217.png,1920,1080
0,305,636,75,140,217.png,1920,1080
1,0,129,517,341,217.png,1920,1080
0,221,642,64,122,218.png,1920,1080
0,298,634,42,120,218.png,1920,1080
1,0,131,528,293,218.png,1920,1080
1,3,175,536,287,219.png,1920,1080
0,235,641,87,117,220.png,1920,1080
1,2,179,552,288,220.png,1920,1080
0,240,637,79,120,221.png,1920,1080
1,3,181,559,299,221.png,1920,1080
0,221,645,37,114,222.png,1920,1080
0,273,634,39,131,222.png,1920,1080
1,0,192,589,298,222.png,1920,1080
0,256,846,201,234,223.png,1920,1080
1,9,251,723,346,223.png,1920,1080
0,427,904,218,176,224.png,1920,1080
1,2,259,717,321,224.png,1920,1080
0,661,943,212,137,225.png,1920,1080
1,8,257,661,349,225.png,1920,1080
1,6,262,686,343,226.png,1920,1080
1,332,51,625,531,227.png,1920,1080
1,391,28,594,564,228.png,1920,1080
1,411,22,545,586,229.png,1920,1080
0,299,658,79,142,230.png,1920,1080
1,427,28,535,581,230.png,1920,1080
0,302,664,78,129,231.png,1920,1080
1,454,31,514,572,231.png,1920,1080
0,296,637,81,146,232.png,1920,1080
1,449,33,477,577,232.png,1920,1080
0,291,648,97,140,233.png,1920,1080
1,393,28,553,577,233.png,1920,1080
0,284,669,101,108,234.png,1920,1080
1,369,45,616,572,234.png,1920,1080
0,302,667,70,132,235.png,1920,1080
1,404,51,564,531,235.png,1920,1080
1,8,61,630,508,236.png,1920,1080
1,8,86,641,441,237.png,1920,1080
1,5,53,616,536,238.png,1920,1080
1,6,70,628,449,239.png,1920,1080
1,2,69,630,438,240.png,1920,1080
1,3,39,689,358,241.png,1920,1080
0,131,840,204,234,242.png,1920,1080
1,3,0,679,374,242.png,1920,1080
0,319,879,159,201,243.png,1920,1080
1,0,0,661,368,243.png,1920,1080
0,591,969,165,111,244.png,1920,1080
1,0,0,675,369,244.png,1920,1080
1,0,0,678,369,245.png,1920,1080
1,0,51,513,354,246.png,1920,1080
1,0,109,444,288,247.png,1920,1080
1,0,232,265,195,248.png,1920,1080
1,0,254,214,199,249.png,1920,1080
1,0,249,235,192,250.png,1920,1080
1,0,248,201,209,251.png,1920,1080
1,0,232,189,220,252.png,1920,1080
1,0,206,162,260,253.png,1920,1080
1,0,301,185,154,254.png,1920,1080
0,1322,776,207,302,255.png,1920,1080
1,0,285,187,156,255.png,1920,1080
0,1072,775,198,301,256.png,1920,1080
1,0,279,170,185,256.png,1920,1080
0,862,765,240,313,257.png,1920,1080
1,0,290,167,173,257.png,1920,1080
0,703,731,171,324,258.png,1920,1080
1,3,285,164,181,258.png,1920,1080
0,558,736,203,295,259.png,1920,1080
1,0,287,173,161,259.png,1920,1080
0,460,715,146,276,260.png,1920,1080
1,0,284,162,181,260.png,1920,1080
0,390,722,181,262,261.png,1920,1080
1,3,276,173,176,261.png,1920,1080
0,326,701,136,252,262.png,1920,1080
1,0,265,151,215,262.png,1920,1080
0,296,715,126,235,263.png,1920,1080
1,0,203,171,271,263.png,1920,1080
0,223,703,142,221,264.png,1920,1080
1,0,159,161,309,264.png,1920,1080
0,189,701,75,203,265.png,1920,1080
1,0,157,167,291,265.png,1920,1080
0,153,690,67,193,266.png,1920,1080
1,0,156,179,305,266.png,1920,1080
0,81,675,118,195,267.png,1920,1080
1,0,167,154,282,267.png,1920,1080
0,404,934,238,146,268.png,1920,1080
1,9,146,137,315,268.png,1920,1080
0,240,891,260,189,269.png,1920,1080
1,0,156,145,312,269.png,1920,1080
0,120,848,246,232,270.png,1920,1080
1,0,162,161,327,270.png,1920,1080
0,58,817,228,259,271.png,1920,1080
1,0,153,173,313,271.png,1920,1080
0,30,784,173,296,272.png,1920,1080
1,6,168,142,295,272.png,1920,1080
1,16,165,148,285,273.png,1920,1080
1,2,164,171,293,274.png,1920,1080
1,0,156,168,305,275.png,1920,1080
1,5,146,164,324,276.png,1920,1080
1,0,164,192,299,277.png,1920,1080
1,2,157,193,309,278.png,1920,1080
1,2,137,184,349,279.png,1920,1080
1,6,148,162,309,280.png,1920,1080
1,0,145,184,337,281.png,1920,1080
1,0,145,181,304,282.png,1920,1080
1,0,140,179,315,283.png,1920,1080
1,8,114,168,354,284.png,1920,1080
1,5,126,161,332,285.png,1920,1080
0,108,679,111,204,287.png,1920,1080
0,148,684,118,203,288.png,1920,1080
0,201,703,139,193,289.png,1920,1080
0,645,909,268,171,29.png,1920,1080
0,259,715,101,190,290.png,1920,1080
0,344,697,106,246,291.png,1920,1080
0,411,700,123,284,292.png,1920,1080
0,505,718,111,285,293.png,1920,1080
0,598,740,206,293,294.png,1920,1080
0,703,737,148,310,295.png,1920,1080
0,773,723,145,346,296.png,1920,1080
0,11,678,73,193,296.png,1920,1080
0,768,750,143,327,297.png,1920,1080
0,19,672,87,215,297.png,1920,1080
0,118,681,111,226,298.png,1920,1080
0,773,728,157,344,298.png,1920,1080
0,111,687,132,235,299.png,1920,1080
0,739,739,192,330,299.png,1920,1080
0,92,700,112,223,3.png,1920,1080
0,379,860,293,220,30.png,1920,1080
0,111,678,143,235,300.png,1920,1080
0,754,711,184,363,300.png,1920,1080
0,122,698,115,210,301.png,1920,1080
0,742,743,182,329,301.png,1920,1080
0,173,704,83,210,302.png,1920,1080
0,768,743,182,326,302.png,1920,1080
0,329,715,187,249,303.png,1920,1080
0,859,823,176,218,303.png,1920,1080
0,424,709,148,284,304.png,1920,1080
0,877,762,146,316,304.png,1920,1080
0,447,692,136,282,305.png,1920,1080
0,941,753,185,319,305.png,1920,1080
0,463,700,162,285,306.png,1920,1080
0,1108,784,195,282,306.png,1920,1080
0,430,700,170,256,307.png,1920,1080
0,1295,821,207,259,307.png,1920,1080
0,455,703,165,284,308.png,1920,1080
0,1281,890,252,190,308.png,1920,1080
0,461,717,151,257,309.png,1920,1080
0,1331,910,185,170,309.png,1920,1080
0,265,809,214,271,31.png,1920,1080
0,457,700,184,268,310.png,1920,1080
0,1438,750,131,330,310.png,1920,1080
0,474,712,148,259,311.png,1920,1080
0,1518,740,221,340,311.png,1920,1080
0,457,700,167,290,312.png,1920,1080
0,1552,759,157,321,312.png,1920,1080
0,461,706,145,273,313.png,1920,1080
0,1571,746,122,330,313.png,1920,1080
0,539,673,153,309,314.png,1920,1080
0,1557,829,148,248,314.png,1920,1080
0,549,681,156,309,315.png,1920,1080
0,1566,831,140,249,315.png,1920,1080
0,564,648,126,324,316.png,1920,1080
0,547,700,123,274,317.png,1920,1080
0,1543,746,184,334,317.png,1920,1080
0,544,722,108,273,318.png,1920,1080
0,1507,759,117,321,318.png,1920,1080
0,559,718,90,268,319.png,1920,1080
0,1566,792,128,285,319.png,1920,1080
0,134,796,235,279,32.png,1920,1080
0,83,784,214,290,33.png,1920,1080
0,31,748,145,329,34.png,1920,1080
0,2,731,103,349,35.png,1920,1080
0,3,795,37,285,36.png,1920,1080
0,475,962,139,118,37.png,1920,1080
0,301,926,203,154,38.png,1920,1080
0,137,874,249,206,39.png,1920,1080
1,0,145,736,362,4.png,1920,1080
0,103,834,234,240,40.png,1920,1080
0,8,807,242,273,41.png,1920,1080
0,3,787,178,293,42.png,1920,1080
0,3,773,89,307,43.png,1920,1080
0,0,798,48,274,44.png,1920,1080
0,544,941,193,139,46.png,1920,1080
0,329,918,199,161,47.png,1920,1080
0,262,884,217,196,48.png,1920,1080
0,134,834,242,246,49.png,1920,1080
1,5,94,709,348,5.png,1920,1080
0,134,818,176,254,50.png,1920,1080
0,73,789,161,291,51.png,1920,1080
0,58,771,170,309,52.png,1920,1080
0,0,753,156,319,53.png,1920,1080
0,0,762,106,313,54.png,1920,1080
0,257,711,139,260,55.png,1920,1080
0,372,714,118,262,56.png,1920,1080
0,472,726,131,281,57.png,1920,1080
0,559,725,131,296,58.png,1920,1080
0,656,723,164,332,59.png,1920,1080
1,5,58,676,393,6.png,1920,1080
0,792,750,167,326,60.png,1920,1080
0,968,751,164,329,61.png,1920,1080
0,1138,762,179,309,62.png,1920,1080
0,1348,775,170,302,63.png,1920,1080
0,1590,782,132,298,64.png,1920,1080
0,1845,781,75,299,65.png,1920,1080
0,499,951,126,126,67.png,1920,1080
0,277,870,178,210,68.png,1920,1080
0,128,845,220,235,69.png,1920,1080
1,8,64,722,386,7.png,1920,1080
0,81,810,173,268,70.png,1920,1080
0,17,789,175,291,71.png,1920,1080
0,0,748,154,323,72.png,1920,1080
0,0,756,115,323,73.png,1920,1080
0,0,669,64,170,75.png,1920,1080
0,0,664,61,145,76.png,1920,1080
0,0,667,39,156,77.png,1920,1080
0,125,653,56,132,79.png,1920,1080
1,3,50,591,379,8.png,1920,1080
0,143,647,62,125,80.png,1920,1080
0,170,650,42,126,81.png,1920,1080
0,170,644,62,129,82.png,1920,1080
0,170,648,61,114,83.png,1920,1080
0,146,838,257,242,84.png,1920,1080
1,3,196,47,369,84.png,1920,1080
0,271,888,235,192,85.png,1920,1080
1,5,184,55,419,85.png,1920,1080
0,379,934,254,137,86.png,1920,1080
1,0,167,79,402,86.png,1920,1080
0,636,968,162,109,87.png,1920,1080
1,0,129,90,480,87.png,1920,1080
1,0,117,136,497,88.png,1920,1080
1,0,126,159,474,89.png,1920,1080
1,0,69,552,340,9.png,1920,1080
1,2,0,450,594,90.png,1920,1080
1,0,0,488,603,91.png,1920,1080
0,547,868,206,212,92.png,1920,1080
0,468,832,232,248,93.png,1920,1080
0,232,636,84,118,95.png,1920,1080
1,354,0,605,212,96.png,1920,1080
1,273,0,611,226,97.png,1920,1080
1,193,0,644,256,98.png,1920,1080
1,139,0,658,284,99.png,1920,1080